{"cameraMode":{"drawMode":0,"name":"Shaded","section":"Shading Mode"},"sceneLighting":true,"audioPlay":false,"sceneViewState":{"showFog":true,"showMaterialUpdate":false,"showSkybox":true,"showFlares":true,"showImageEffects":true,"showParticleSystems":true},"in2DMode":false,"pivot":{"x":-0.051097869873046878,"y":4.503795146942139,"z":-0.8874845504760742},"rotation":{"x":0.15095385909080506,"y":0.4973144829273224,"z":-0.08834604918956757,"w":0.8497626781463623},"size":17.936656951904298,"orthographic":false}